笔记ID,标题,发布时间,浏览量,点赞,收藏,评论,分享
N20260301001,Steam新春大促必抢的8款独立游戏,2026-03-01 19:30:00,15280,1218,1456,189,87
N20260305001,黑神话悟空一周年|这游戏到底改变了什么,2026-03-05 21:15:00,11420,902,832,231,64
N20260308001,FF7 Rebirth登陆PC|画质党终于等到了,2026-03-08 18:45:00,2840,156,142,38,12
N20260312001,这5款Switch游戏被严重低估了,2026-03-12 20:00:00,9350,765,910,156,71
N20260315001,游戏圈本周大事|GTA泄露+Switch2评测,2026-03-15 11:30:00,1620,82,67,15,5
N20260319001,魂系新人怎么选|从血源到艾尔登法环,2026-03-19 22:00:00,8740,712,1102,198,82
N20260322001,腾讯收购了一家工作室你猜是谁,2026-03-22 09:15:00,580,18,12,4,1
N20260326001,Steam Spring Sale前最值得加愿望单的5款,2026-03-26 19:45:00,12100,945,1320,167,93
N20260330001,《明末》劳资争议续|开发组到底冤不冤,2026-03-30 14:20:00,3210,184,98,127,18
N20260403001,索尼港服4月会免|这次质量真的回来了,2026-04-03 20:30:00,7820,612,798,89,45
N20260408001,Switch 2评测出了|首发买不买,2026-04-08 21:00:00,16520,1485,1890,287,124
N20260412001,本周新游推荐|3款被忽略的隐藏佳作,2026-04-12 19:00:00,4280,312,398,67,28
N20260416001,叠纸为什么能在乙女游戏里赢麻了,2026-04-16 22:15:00,6920,489,612,143,52
N20260420001,聊聊我玩过的最被低估的JRPG,2026-04-20 21:30:00,5410,398,520,89,38
N20260424001,DNF国服移交Nexon退出|玩家会受影响吗,2026-04-24 18:30:00,2180,128,76,52,9
N20260428001,Steam免费玩|这周5款不要钱的好游戏,2026-04-28 19:30:00,9850,810,1180,124,67
N20260502001,《崇祯》三测留存数据曝光|AI+SLG跑通了,2026-05-02 10:15:00,1840,98,82,21,7
N20260506001,五一假期玩什么|3款不到20小时通关的精品,2026-05-06 19:45:00,11320,892,1045,178,98
N20260510001,Capcom财报又破纪录|怪物猎人功不可没,2026-05-10 14:00:00,3680,234,287,42,21
N20260514001,深海迷航续作|这次画面真的让人窒息,2026-05-14 20:00:00,7240,580,724,112,49
N20260518001,2026目前最值得买的5款国产单机,2026-05-18 21:30:00,13680,1190,1638,256,135
N20260522001,Switch eShop这周折扣|RPG玩家速进,2026-05-22 19:00:00,5920,442,610,76,38
N20260526001,从《艾尔登法环》到《黑神话》|魂的新阶段,2026-05-26 22:00:00,8450,712,952,189,73
N20260530001,这游戏发售三天卖了200万|你买了吗,2026-05-30 10:30:00,2150,138,102,28,12
N20260603001,GTA6预告解析|R星这次玩真的了,2026-06-03 21:00:00,18420,1685,1980,412,189
N20260607001,本周新游TOP5|有一款必玩,2026-06-07 19:30:00,6580,508,672,98,45
N20260611001,索尼State of Play总结|哪些值得期待,2026-06-11 22:30:00,4180,298,365,67,28
N20260615001,Steam夏促日期定了|你的钱包准备好了吗,2026-06-15 19:15:00,9780,798,1124,167,82
N20260619001,聊聊我为什么不喜欢现在的开放世界,2026-06-19 21:00:00,3520,245,178,156,32
N20260623001,Switch 2的隐藏功能|官方没说的5件事,2026-06-23 20:30:00,7980,632,892,134,67
